NOM DANS LISTING,ADRESSE,Latitude,Longitude,Zone
MAISON DE RETRAITE LA MADELON,"2 avenue de la Cave Coopérative, 34660 COURNONSEC",43.548231,3.701542,1
OFFICE DE TOURISME,"2 place de la République, 34440 NISSAN LEZ ENSERUNE",43.2893485,3.1285284,2
AEROPORT,"RD 612, 34420 PORTIRAGNES",43.2934967,3.3602364,3
,"10 Cr De la Place, 34 725 Saint-André-de-Sangonis",43.6489120,3.5028192,4
CARREFOUR MARKET,"Route de Montpellier, 34140 MEZE",43.4309116,3.5659536,5
CAVES CALMELS,"40 avenue Pierre Verdier, 34500 BEZIERS",43.3446141,3.2322711,6
CAVES CALMELS,"40 avenue Pierre Verdier, 34500 BEZIERS",43.3446141,3.2322711,7
CENTRE DE SANTE DENTAIRE,"19 rue Paul Valery , 34200 SETE",43.4017793,3.6967980,8
CINEMA LE COMOEDIA,"Esplanade Aristide Briand, 34200 SETE",43.400561,3.697451,9
CONSERVATOIRE DE THEATRE ET DE DANSE,"Rue Sétif, 34500 BEZIERS",43.3338310,3.2586646,10
EHPAD RESIDENCE LE GRAND CHAI,"15 avenue des Bains, 34540 BALARUC LE VIEUX",43.4584890,3.6861148,11
INTERMARCHE LES PORTES DU MUSCAT,"91 avenue Maréchal Juin, 34110 FRONTIGNAN",43.4298560,3.7308551,12
INTERMARCHE MEZE,"Avenue du Général de Gaulle, 34140 MEZE",43.4259295,3.6026719,13
LABOSUD BEZIERS MONTIMARAN,"5 rue Docteur Fleming, 34500 BEZIERS",43.3368512,3.2566912,1
MAIRIE DE BESSAN,"Place de la mairie , 34550 BESSAN",43.3616367,3.4277247,2
MAIRIE DE BOUZIGUES,"33 rue de la République, 34140 BOUZIGUES",43.4477493,3.6592632,3
MAIRIE DE CERS,"9 avenue de la promenade , 34420 CERS",43.3218558,3.3044843,4
MAIRIE DE LOUPIAN,"1 place Charles de Gaulle, 34140 LOUPIAN",43.450050,3.614041,5
MAIRIE DE MARSEILLAN,"1 Rue Général de Gaulle, 34340 MARSEILLAN",43.3559700,3.5274864,6
MAIRIE DE MIREVAL,"7 place Louis Aragon, 34110 MIREVAL",43.5078326,3.8014382,7
MAIRIE DE MONTBAZIN,"Place de la Mairie, 34770 MONTBAZIN",43.5161669,3.6945775,8
MAIRIE DE POMEROLS,"Place de la mairie, 34810 POMEROLS",43.3908544,3.4989718,9
MAIRIE DE POUSSAN,"1 place de la mairie, 34560 POUSSAN",43.4870393,3.6670882,10
MAIRIE DE SAINT THIBERY,"Place de la Mairie, 34630 SAINT THIBERY",43.3967065,3.4181152,11
MAIRIE DE SETE,"20 bis rue Paul Valery, 34200 SETE",43.4016831,3.6958310,12
MAIRIE DE VALRAS PLAGE,"10 allées De Gaulle, 34350 VALRAS PLAGE",43.247953,3.286121,13
MAIRIE DE VIAS,"6 place des Arènes, 34450 VIAS",43.3131490,3.4183181,1
MAIRIE DE VIC LA GARDIOLE,"32 boulevard des Aresquiers , 34110 VIC LA GARDIOLE",43.4881318,3.7995193,2
MAIRIE DE VILLENEUVE LES BÉZIERS,"1 rue de la Marianne, 34420 VILLENEUVE LES BEZIERS",43.3162907,3.2812468,3
MAISON DE RETRAITE LA MERIDIENNE,"12 rue de Monte Casino, 34500 BEZIERS",43.348421,3.223847,4
MAISON DE RETRAITE LES FEUILLANTINES,"40 rue Raoul Bayou, 34500 BEZIERS",43.3441358,3.2510251,5
MAISON RENE CASSIN,"6 rue Serge Gousseault, 34500 BEZIERS",43.3377785,3.2530355,6
MEDIATHEQUE ANDRE MALRAUX,"1 place 14 Juillet, 34500 BEZIERS",43.3479365,3.2234964,7
MEDIATHEQUE BIBLIOTHEQUE,"Rue Presbytère , 34660 COURNONSEC",43.5485834,3.7044453,8
MÉDIATHÈQUE DE VENDRES,"Rue des Lavoirs , 34350 VENDRES",43.2685519,3.2226305,9
MISSION LOCALE,"9 rue Alger, 34500 BEZIERS",43.3330914,3.2486867,10
13A Bd Bertrand Duguesclin 34500 Béziers,13A Bd Bertrand Duguesclin 34500 Béziers,43.3452479,3.2229508,11
MJC DE MARSEILLAN,"Boulevard Marius Roqueblave , 34340 MARSEILLAN",43.3584014,3.5287497,12
MJC POUSSAN,"1 Rue des Horts, 34560 POUSSAN",43.4853723,3.6725738,13
OFFICE DE TOURISME,"2 place de la République, 34440 NISSAN LEZ ENSERUNE",43.2893485,3.1285284,1
OFFICE DE TOURISME DU CAP D'AGDE,"Quai du Beaupré, 34300 CAP D'AGDE",43.2830448,3.5128814,2
OFFICE DE TOURISME DU CAP D'AGDE,"Quai du Beaupré, 34300 CAP D'AGDE",43.2830448,3.5128814,3
OFFICE DE TOURISME LE GRAU D'AGDE,"2 quai antoine Fonquerle, 34300 LE GRAU D'AGDE",43.284411,3.450371,4
OFFICE DE TOURISME VIC LA GARDIOLE,"32 boulevard des Aresquiers , 34110 VIC LA GARDIOLE",43.4881318,3.7995193,5
PEPINIERE INNOVOSUD,"132 Rue P Simon Marquis de Laplace, 34500 BEZIERS",43.355153,3.250567,6
PRESSE LIBRAIRIE PAPETERIE,"2 place de la Poste, 34850 PINET",43.4031849,3.5113411,7
SPAR AGDE,"8 avenue Général de Gaulle , 34300 AGDE",43.3120633,3.4754959,8
AEROPORT DE MONTPELLIER,"Aéroport Montpellier Méditerranée, 34130 MAUGUIO",43.5788212,3.9593328,9
AMARGER ARGUEL,"350 route de la Pompignane, 34170 CASTELNAU LE LEZ",43.6234679,3.8983942,10
CAVES SCEA DOMAINE DES AIRES,"67 rue des Aires, 34400 LUNEL",43.6744560,4.1389080,11
COMMUNAUTE AGGLO PAYS DE L'OR,"Boulevard de la Démocratie, 34130 MAUGUIO",43.6170574,4.0073374,12
EHPA JACQUES D'ARAGON,"617 Avenue De Montpellier , 34970 LATTES",43.5693722,3.9044177,13
EHPA RIEUCOULON,"1 Impasse Rieucoulon , 34970 LATTES",43.5608800,3.8760191,1
EHPAD RESIDENCE RETRAITE SUDALIAS,"255 allée de la Marquerose, 34430 SAINT JEAN DE VEDAS",43.5843920,3.8220029,2
LABOSUD SAINT JEAN DE VEDAS,"142 Esplanade Ortet, 34430 SAINT JEAN DE VEDAS",43.5766003,3.8305957,3
LABOSUD CASTRIES,"3 Centre commercial de la Couronne, 34160 CASTRIES",43.674996,3.985012,4
LABOSUD LA GRANDE MOTTE,"79 Place Paul Valéry, 34280 LA GRANDE MOTTE",43.5578027,4.0886945,5
LABOSUD MONTPELLIER CLINIQUE ST JEAN,"2 place de l'Europe, 34430 SAINT JEAN DE VEDAS",43.5698570,3.8366666,6
LABOSUD PEROLS,"Allée Jacques Brel, 34470 PEROLS",43.5617469,3.9519413,7
LABOSUD SAINT JEAN DE VEDAS,"142 Esplanade Ortet, 34430 SAINT JEAN DE VEDAS",43.5766003,3.8305957,8
MAIRIE DE CANDILLARGUES,"5 rue Victor Hugo, 34130 CANDILLARGUES",43.6202393,4.0686700,9
MAIRIE DE CASTRIES,"4 avenue de la Promenade, 34160 CASTRIES",43.6776513,3.9853800,10
MAIRIE DE LAVERUNE,"Boulevard de la Mairie, 34880 LAVERUNE",43.5846746,3.8040632,11
MAIRIE DE LE CRES,"Place de la Mairie, 34920 LE CRES",43.3467986,2.9620157,12
MAIRIE DE MAUGUIO,"Place de la Libération, 34130 MAUGUIO",43.6164707,4.0092747,13
MAIRIE DE MUDAISON,"Place de la République, 34130 MUDAISON",43.6490527,4.0412781,1
MAIRIE DE PEROLS,"Place Carnot, 34470 PEROLS",43.5638682,3.9536824,2
MAIRIE DE SAINT AUNES,"Place de la mairie, 34130 SAINT AUNES",43.6352635,3.9645109,3
MAIRIE DE SAINT BRES,"14 place de la Ramade, 34670 SAINT BRES",43.6637720,4.0318219,4
MAIRIE DE SAINT CHRISTOL,"60 Av de la Bouvine, 34400 SAINT CHRISTOL",43.7278379,4.0802145,5
MAIRIE DE SAINT SERIES,"Avenue des Cévennes, 34400 SAINT SERIES",43.7362189,4.1010183,6
MAIRIE DE SAUSSAN,"1 rue de la Mairie, 34570 SAUSSAN",43.5709554,3.7751764,7
MAIRIE DE VALERGUES,"Place de l'Horloge, 34130 VALERGUES",43.6673776,4.0620902,8
MAIRIE DE VILLENEUVE LES MAGUELONE,"Place Porte St Laurent, 34750 VILLENEUVE LES MAGUELONE",43.5330973,3.8620438,9
MAIRIE DE VILLETELLE,"Place Saint Géraud, 34400 VILLETELLE",43.7338620,4.1398556,10
MEDHIATEQUE CASTRIES,"15 avenue de la coopérative, 34160 CASTRIES",43.6760896,3.9817402,11
MJC DE MAUGUIO,"527 avenue du 8 Mai 1945 , 34130 MAUGUIO",43.6187039,4.0073347,12
OFFICE DE TOURISME,"2 place de la République, 34440 NISSAN LEZ ENSERUNE",43.2893485,3.1285284,13
OFFICE DE TOURISME LATTES,"1 avenue de Montpellier, 34970 LATTES",43.5681009,3.9018851,1
RÉSIDENCE L'ENSOLEILLADE,"Avenue de l'Agau, 34970 Lattes",43.5761937,3.9069338,2
RESIDENCE PERSONNES AGEES LA ROSELIERE,"4 allée du 8 Mai 1945 , 34590 MARSILLARGUES",43.664426,4.180470,3
RESIDENCE SENIOR LES PALATINES,"1 av de l'Ancienne Cave Coopérative, 34590 MARSILLARGUES",43.6657741,4.1729367,4
ZEPETRA,"153 rue Alphonse Beau de Rochas, 34170 CASTELNAU LE LEZ",43.6392045,3.9294337,5
AVEC MES AIDES A DOMICILE,"9 Parc d Activité de Camalce, 34150 GIGNAC",43.6498287,3.5474114,6
COMMUNAUTE DE COMMUNE LA DOMITIENNE,"1 avenue de l'Europe, 34370 MAUREILHAN",43.3551879,3.1277181,7
COMMUNAUTÉ DE COMMUNES MINERVOIS,"35 route Oupia, 34210 OLONZAC",43.2840497,2.7390255,8
COMMUNAUTÉ DE COMMUNES SUD HERAULT,"1 allée du Languedoc , 34620 PUISSERGUIER",43.3668361,3.0546095,9
EPICERIE AMALRIC HELENE CRUZY,"14 avenue St Pons, 34310 CRUZY",43.356518,2.940428,10
INTERMARCHE CONTACT,"1827 ravenuede Toulouse, 34070 MONTPELLIER",43.585573,3.851607,11
LABOSUD PEZENAS,"Place du 14 juillet , 34120 PEZENAS",43.4607567,3.4251791,12
MAIRIE DE BASSAN,"17 chemin Neuf, 34290 BASSAN",43.4103252,3.2552076,13
MAIRIE DE CESSENON SUR ORB,"Plan Jean Moulin, 34460 CESSENON SUR ORB",43.4495960,3.0490915,1
MAIRIE DE COLOMBIERS,"Carrefour Des Droits De L Homme , 34440 COLOMBIERS",43.3126218,3.1401215,2
MAIRIE DE MONTADY,"3 avenue des Platanes, 34310 MONTADY",43.3308772,3.1211228,3
MAIRIE DE MURVIEL LES BEZIERS,"Place Georges Clémenceau, 34490 MURVIEL LES BEZIERS",43.4398771,3.1435736,4
MAIRIE DE PUIMISSON,"2 rue Tour du Château, 34480 PUIMISSON",43.4397328,3.2057935,5
MAIRIE DE PUISSALICON,"Place de la Barbacane, 34480 PUISSALICON",43.4581014,3.2356084,6
MAIRIE DE PUISSERGUIER,"10 boulevard Jean Jaures, 34620 PUISSERGUIER",43.3677033,3.0408217,7
MAIRIE DE ST GENIÈS DE FONTEDIT,"4 cours Napoléon, 34480 SAINT GENIÈS DE FONTEDIT",43.4680921,3.1797568,8
MAIRIE DE ST PONS DE THOMIERES,"RUE VILLENEUVE , 34220 SAINT PONS DE THOMIÈRES",43.4880133,2.7606787,9
MAIRIE DE THEZAN LES BEZIERS,"Place de l'Hôtel de Ville, 34490 THEZAN LES BEZIERS",43.4216174,3.1691069,10
MAISON DE LA PRESSE,"2 rue Pierre Sirven, 34530 MONTAGNAC",43.480392,3.482838,11
MJC SERVIAN,"Boulevard de la Lène , 34290 SERVIAN",43.4278677,3.2975530,12
PISCINE MURIEL HERMINE,"105 grand Rue, 34290 SERVIAN",43.4259407,3.3031005,13
TABAC PRESSE HIDALGO EVELYNE,"Avenue St Pons, 34310 CRUZY",43.3558446,2.9413531,1
BIBLIOTHEQUE MAXIME ROUQUETTE,"14 RUE LOUIS BLANC , 34800 CLERMONT L'HÉRAULT",43.6283831,3.4313239,2
COMMUNAUTÉ DE COMMUNES ORB ET JAUR,"Avenue de la Gare, 34390 OLARGUES",43.5563707,2.9146355,3
GOLF DE LAMALOU LES BAINS,"4679 Route de St Pons, 34240 LAMALOU LES BAINS",43.5871792,3.0787705,4
LE PANIER DE PROVENCE,"3 rue Sur Le Puits, 34600 BEDARIEUX",43.6154985,3.1583434,5
MAIRIE DE BRIGNAC,"Place de la Mairie, 34800 BRIGNAC",43.6229041,3.4733468,6
MAIRIE DE CLERMONT L'HERAULT,"Place Victoire, 34800 CLERMONT L'HERAULT",43.6276531,3.4292338,7
MAIRIE DE LA TOUR SUR ORB,"Avenue du Château, 34260 LA TOUR SUR ORB",43.6540256,3.1488510,8
MAIRIE DE LE POUGET,"Route Neuve, 34230 LE POUGET",43.5911993,3.5254070,9
MAIRIE DE ST GENIÈS DE VARENSAL,"Village Plaisance, 34610 SAINT GENIES DE VARENSAL",43.681143,3.003961,10
MAIRIE D'OCTON,"13 avenue des Platanes, 34800 OCTON",43.6552422,3.3043172,11
MAISON CEVENOLE DES ARTS ET TRADITIONS,"12 rue du pont, 34610 SAINT GERVAIS SUR MARE",43.6521324,3.0404776,12
MEDIATHEQUE MAX DERRUAU,"2 rue Carnot, 34310 CAPESTANG",43.3274898,3.0431801,13
MEDIATHEQUE MAX ROUQUETTE,"19 avenue Abbé Tarroux , 34600 BEDARIEUX",43.6184589,3.1554911,1
OFFICE DE TOURISME MONTPELLIER,"30 allée Jean de Lattre de Tassigny, 34000 MONTPELLIER",43.6099217,3.8813068,2
MAIRIE DE NISSAN LEZ ENSERUNE,"1 place de la République, 34440 NISSAN LEZ ENSERUNE",43.2893485,3.1285284,3
OFFICE DE TOURISME PALAVAS,"Phare de la Méditerrannée , 34250 PALAVAS LES FLOTS",43.528352,3.931201,4
OFFICE DE TOURISME LAMALOU LES BAINS,"1 avenue Capus, 34240 LAMALOU LES BAINS",43.5958896,3.0816201,5
OFFICE DE TOURISME LUNAS,"Chemin Redigardi, 34650 LUNAS",43.703212,3.193237,6
OFFICE TOURISME TERROIR  ST CHINIANAI,"1 grand'Rue , 34360 SAINT CHINIAN",43.4213227,2.9464200,7
,Esp. Des Troubadours 34330 La Salvetat-sur-Agout,43.6012040,2.7036592,8
SUPER U ET DRIVE,"Avenue du Général de Gaulle , 34700 LODEVE",43.7247097,3.3215713,9
CLINIQUE DE LA LIRONDE,"Lieu dit Fronfège , 34980 SAINT CLEMENT DE RIVIERE",43.682392,3.854388,10
COMMUNAUTE DES COMMUNES,"25 allée De L'Esperance, 34270 SAINT MATHIEU DE TREVIERS",43.7740612,3.8686484,11
INTERMARCHE MEZE,"Avenue du Général de Gaulle, 34140 MEZE",43.4259295,3.6026719,12
LABOSUD JUVIGNAC,"60 rue Saint Georges d'Orques, 34990 JUVIGNAC",43.611145,3.816431,13
L'AMUSE THEATRE,"Domaine du Mas du pont , 34920 LE CRES",43.666498,3.931707,1
MAIRIE DE ANIANE,"Place de la mairie, 34150 ANIANE",43.6842421,3.5867221,2
MAIRIE DE ASSAS,"2 avenue de Castries, 34820 ASSAS",43.7030332,3.9047931,3
MAIRIE DE CLAPIERS,"5 grand Rue Marie Lacroix, 34830 CLAPIERS",43.6571603,3.8876231,4
MAIRIE DE CLARET,"1 place de l'Hermet, 34270 CLARET",43.8612553,3.9062495,5
MAIRIE DE COMBAILLAUX,"3 rue des Remparts, 34980 COMBAILLAUX",43.6769563,3.7667716,6
MAIRIE DE LAROQUE,"35 avenue des Platanes, 34190 LAROQUE",43.9242631,3.7213763,7
MAIRIE DE MONTARNAUD,"80 avenue Gilbert Sénes, 34570 MONTARNAUD",43.6454264,3.6967610,8
MAIRIE DE MONTAUD,"Place de l'Église, 34160 MONTAUD",43.7520456,3.9549796,9
MAIRIE DE MONTPEYROUX,"1 Place de la République , 34150 MONTPEYROUX",43.695325,3.504221,10
MAIRIE DE PRADES LE LEZ,"Place 8 Mai 1945, 34730 PRADES LE LEZ",43.6973286,3.8646069,11
MAIRIE DE SAINT BAUZILLE DE PUTOIS,"1115 avenue du Chemin Neuf, 34190 SAINT BAUZILLE DE PUTOIS",43.9021846,3.7376053,12
MAIRIE DE SAINT CLEMENT DE RIVIERE,"Avenue de Bouzenac, 34980 SAINT CLEMENT DE RIVIERE",43.6754635,3.8445502,13
MAIRIE DE SAINT DREZERY,"Place Cambacérès, 34160 SAINT DRÉZÉRY",43.7339097,3.9819823,1
MAIRIE DE SAINT GEORGES D'ORQUES,"Place de la Mairie, 34680 SAINT GEORGES D'ORQUES",43.610818,3.780693,2
MAIRIE DE SAINT PAUL ET VALMALLE,"1 Pl de la Mairie, 34570 SAINT PAUL ET VALMALLE",43.6256863,3.6754456,3
MAIRIE DE VIOLS LE FORT,"6 plan du Quai, 34380 VIOLS LE FORT",43.7424750,3.7041540,4
MJC SERVIAN,"Boulevard de la Lène , 34290 SERVIAN",43.4278677,3.2975530,5
MJC BOBY LAPOINTE,"Avenue de Vendargues, 34830 JACOU",43.6595065,3.9136400,6
OFFICE DE TOURISME DE GIGNAC,"3 parc de Camalcé, 34150 GIGNAC",43.6498331,3.5472653,7
OFFICE DE TOURISME LODEVE,"7 place de la République, 34700 LODEVE",43.7326427,3.3193798,8
OFFICE DE TOURISME LATTES,"1 avenue de Montpellier, 34970 LATTES",43.5681009,3.9018851,9
LE PATIO - MEDIATHEQUE LODEVE,"rue Joseph Galtier, 34700 LODEVE",43.7317230,3.3167543,10
PHARMACIE FIGUEROLLES,"28 Rue du Faubourg Figuerolles, 34070 Montpellier",43.6075465,3.8669206,11
ASPTT MONTPELLIER,"237 Rte de Vauguiéres, 34000 MONTPELLIER",43.6054138,3.9055861,12
SPAR,"19 cours Gambetta, 34000 Montpellier",43.6058469,3.8725416,13
CHRISTINE COIFFURE,"22 Boulevard des Arceaux, 34000 MONTPELLIER",43.6119862,3.8642694,1
EGERIM CONSEIL,"16 Avenue d'Assas, 34000 Montpellier",43.6133640,3.8667934,2
TABAC PRESSE D'ASSAS,"11 avenue d'assas, 34000 Montpellier",43.6128120,3.8672500,3
ALIMENTATION DU FAUBOURG ST JAUMES,"29 rue du faubourg saint-jaumes, 34000 Montpellier",43.6145905,3.8700166,4
CAFÉ PITOT,"2 Place d'Aviler, 34000 Montpellier",43.6117431,3.8718036,5
LE FAITOUT,"4 Boulevard Pasteur, 34000 Montpellier",43.6152421,3.8747624,6
POINT CODE,"8 Boulevard Pasteur, 34000 Montpellier",43.6151280,3.8753791,7
PETITES SŒURS DES PAUVRES,"4 rue Jeanne Jugan, 34090 MONTPELLIER",43.6164509,3.8770706,8
DRAPEAU ROUGE,"53 rue du Faubourg Boutonet, 34000 Montpellier",43.618349,3.874452,9
LES FLEURS DU BOUTONNET,"71 rue du faubourg boutonnet, 34000 Montpellier",43.6205849,3.8729119,10
ODALYS CAMPUS BOUTONNET,"2 rue du Colonel Marchand, 34090 Montpellier",43.6214532,3.8690280,11
ALLO SAVEURS,"4 rue martin choisy, 34000 Montpellier",43.6223983,3.8690026,12
SAURAMPS MEDICAL,"2 Rue Henri Dunant, 34090 Montpellier",43.6263221,3.8667817,13
COIFFURE LE DIAMANT,"145 Avenue de la Justice de Castelnau, 34000 Montpellier",43.6271378,3.8716022,1
,"34 Avenue Charles Flahault, 34090 Montpellier",43.6227381,3.8637325,2
CLINIQUE RECH,"9 avenue Charles Flahaut, 34000 MONTPELLIER",43.621511,3.871582,3
CLINIQUE CLEMENTVILLE,"25 rue de Clémentville, 34000 MONTPELLIER",43.6131189,3.8522014,4
LE SENS SIX,"106 Avenue de Lodeve, 34070 MONTPELLIER",43.6105927,3.8498599,5
CLINIQUE BEAU SOLEIL,"119 avenue de Lodève, 34070 MONTPELLIER",43.6097500,3.8482778,6
EGHPAD CITE DES AINES,"190 rue de la taillade, 34070 Montpellier",43.6093769,3.8483550,7
PHARMACIE DE LA MARTELLE,"795 avenue de Monsieur Teste, 34070 Montpellier",43.6071345,3.8363622,8
CAVES DE ST GEORGES D'ORQUES,"10 rue de Gignac, 34000 MONTPELLIER",43.6118854,3.8274068,9
PHARMACIE LA CHARTREUSE,"55 Route de Lodève, 34080 Montpellier",43.6147468,3.8260686,10
PIÈCES AUTO CELLENEUVE,"53 Route de Lodève, 34080 Montpellier",43.6147259,3.8264147,11
CAM SALLE DE SPORT,"38 allée Antonin Chauliac, 34080 MONTPELLIER",43.6129821,3.8303056,12
MAISON POUR TOUS MARIE CURIE,"13 allée Antonin Chauliac , 34080 MONTPELLIER",43.6128880,3.8305024,13
MAISON DE RETRAITE MICHEL BELORGEOT,"41 impasse des Moulins, 34080 MONTPELLIER",43.6170960,3.8316109,1
PHARMACIE DES PINS,"335 paul rimbaud , 34000 Montpellier",43.6186311,3.8464336,2
LA VAPETTE,"656 Avenue Professeur Louis Ravas, 34080 Montpellier",43.6209717,3.8491668,3
BOUCHERIE SELECT,"851 Avenue du professeur Louis Ravas, 34080 Montpellier",43.6217465,3.8467466,4
MAISON POUR TOUS PAUL EMILE VICTOR,"1247 avenue Professeur Louis Ravas, 34080 MONTPELLIER",43.6242014,3.8428078,5
MA PAUSE DEJ,"39 Place sean mac bride, 34000 Montpellier",43.6242687,3.8379699,6
FOURNIL PAILLADIN,"65 Avenue de Lauragais, CCAL St Paul, 34000 Montpellier",43.623192,3.818815,7
MÉDIATHÈQUE JEAN-JACQUES ROUSSEAU,"230 Avenue du Biterrois, 34080 Montpellier",43.6332761,3.8194576,8
FOURNIL DES FRÈRES,"2596 Avenue de l'Europe, 34000 Montpellier",43.6418694,3.8198766,9
APSH34 MONTPELLIER,"284 Av du Professeur Jean Louis Viala, 34090 MONTPELLIER",43.623190,3.844782,10
K&M COIFFURE,"344 Avenue de Fes, 34080 MONTPELLIER",43.6325793,3.8344621,11
EHPAD MALBOSC,"345 avenue de Fes, 34090 MONTPELLIER",43.6343905,3.8318778,12
OPTIQUE D'O,"24 Avenue Aglaé Adanson, 34080 Montpellier",43.6341347,3.8324179,13
SQUASH CLUB DE MONTPELLIER,"15 Rue du Caducée, 34090 MONTPELLIER",43.6425114,3.8352527,1
CFA SANITAIRE ET SOCIAL,"44 avenue Saint Lazare, 34000 Montpellier",43.6235300,3.8886800,2
CENTRE REGIONAL LUTTE CONTRE  CANCER,"208 rue des Apothicaires, 34000 MONTPELLIER",43.639446,3.844391,3
PHARMACIE DES 4 SEIGNEURS,"675 avenue Abbé Paul Parguel , 34090 MONTPELLIER",43.6378742,3.8593836,4
CHEZ COCO ET ROSETTE,"Rond point de la lire, 34090 Montpellier",43.639352,3.848834,5
L'ATELIER BANETTE,"858 rue de la castelle, 34000 Montpellier",43.5795034,3.8688636,6
CITROËN MONTPELLIER TRESSOL-CHABRIER,"414 Rue du Mas de Portaly, 34000 Montpellier",43.5815333,3.8813418,7
MEDIATHEQUE GARCIA LORCA,"162 Avenue de Palavas, 34070 MONTPELLIER",43.5899855,3.8907585,8
EHPA  MAISONS DE FAMILLE,"891 Avenue Du Marechal Leclerc , 34070 MONTPELLIER",43.5939134,3.8877763,9
MAISON POUR TOUS L'ESCOUTAIRE,"67 rue des Razetteurs, 34070 MONTPELLIER",43.593722,3.854611,10
LABOSUD MONTPELLIER PALAVAS,"100 Avenue de Palavas , 34070 MONTPELLIER",43.5969567,3.8867948,11
MVELO,"465 Avenue du Pont Trinquat, 34070 MONTPELLIER",43.5990776,3.8898017,12
COSTE FABIEN - KINÉSITHÉRAPEUTE,"3 bis Rue Bastide, 34000 Montpellier",43.6013766,3.8809593,13
EHPAD LES GLYCINES,"60 rue Colin, 34000 Montpellier",43.6010578,3.8779755,1
BISTROT DE L'ODYSSÉE,"11 Rue Frédéric Bazille, 34000 Montpellier",43.6028528,3.8802109,2
INTERMARCHÉ SAINT ROCH,"25 place caroline aigle, 34000 Montpellier",43.6039476,3.8777496,3
MATIK LAVERIE ST JEAN,"14 rue Grand St Jean, 34000 MONTPELLIER",43.6048774,3.8763062,4
DAVELAZO,"6 Rue du Grand Saint-Jean, 34000 Montpellier",43.6051221,3.8755111,5
CRÈMERIE DU FAUBOURG,"16 rue du faubourg de la saunerie, 34000 Montpellier",43.6056890,3.8752360,6
LES OPTICIENS MUTUALISTES,"1 rue du Cheval Vert, 34000 MONTPELLIER",43.6059550,3.8738013,7
ATTRAC'FIF,"14 rue André Michel, 34000 Montpellier",43.6060605,3.8735185,8
HÔTEL COSMOS,"7 rue du général campredon, 34000 Montpellier",43.6064658,3.8731580,9
GRANIT,"29 boulevard du jeu de paume, 34000 Montpellier",43.6072705,3.8747750,10
FUTON BOUTIQUE,"33 boulevard du jeu de paume, 34000 Montpellier",43.6071572,3.8750214,11
PHARMACIE DE L'OBSERVATOIRE,"4 Boulevard de l'observatoire, 34000 MONTPELLIER",43.6064444,3.8761440,12
LA TRATTORIA,"5 rue de l'ancinne poste, 34000 Montpellier",43.609424,3.878775,13
L'ÉPICURIEN,"6 rue du plan du parc, 34000 Montpellier",43.6059650,3.8756777,1
BRASSERIE LAISSAC,"9 place Alexandre Laissac, 34000 Montpellier",43.6062002,3.8762820,2
MELISSA COQUILLAGES,"10 place Alexandre Laissac, Halles Laissac, 34000 Montpellier",43.605370,3.876532,3
BOUCHERIE GAËTAN,"10 place Alexandre Laissac, Halles Laissac, 34000 Montpellier",43.605370,3.876532,4
BOULANGERIE - PÂTISSERIE JULIEN MICHEL,"10 place Alexandre Laissac, Halles Laissac, 34000 Montpellier",43.605370,3.876532,5
PHARMACIE DE LA BABOTTE,"4 Place Alexandre Laissac, 34000 Montpellier",43.6056771,3.8766947,6
LA BABOTE,"1 place alexandre laissac, 34000 Montpellier",43.6060184,3.8771004,7
LE COIFFEUR SAINT ROCH,"6 rue Durand, 34000 Montpellier",43.6055582,3.8772500,8
LA CHISTERA,"2 bis rue d'obilion, 34000 Montpellier",43.6071038,3.8788693,9
CRIJ,"6 rue d'Obilion, 34000 MONTPELLIER",43.6068731,3.8796087,10
LABOSUD MONTPELLIER LA 32EME,"3 rue de Maguelone, 34000 MONTPELLIER",43.6076480,3.8796300,11
CINEMA DIAGONAL CAPITOL,"5 rue de Verdun, 34000 MONTPELLIER",43.6077480,3.8803434,12
PHARMACIE DE LA COMÉDIE,"1 rue de verdun, 34000 Montpellier",43.6082423,3.8800137,13
PIZZA PAPA COMÉDIE,"13 place de la comédie, 34000 Montpellier",43.6085356,3.8802147,1
ART'COMEDIA - COIFFEUR MONTPELLIER,"1 Place de la Comédie, 34000 Montpellier",43.6082958,3.8787863,2
CARLOS ARTHEMIS,"3 rue de la charrue, 34000 Montpellier",43.6084456,3.8777938,3
C. STORE,"27 rue de l'argenterie, 34000 Montpellier",43.6085440,3.8775743,4
LES BURGERS DE PAPA,"1 rue en rouan, 34000 Montpellier",43.6082300,3.8771202,5
CASILDA,"7 place saint come, 34000 Montpellier",43.6082964,3.8766505,6
EN TRAITS LIBRES,"1 rue Voltaire, 34000 Montpellier",43.6087141,3.8764846,7
SALON J R,"5 Rue du Plan d'Agde, 34000 Montpellier",43.6083158,3.8759385,8
DOPAMINE,"14 Rue de la Fontaine, 34000 Montpellier",43.6073871,3.8758683,9
LES FILS À MAMAN,"12 rue du petit saint jean, 34000 Montpellier",43.6079915,3.8755400,10
L'INSTANT D'ARRÊTS,"1 bis rue du four des flammes, 34000 Montpellier",43.608355,3.876722,11
HAIR SUBTIL - COIFFEUR - COLORISTE - REDKEN,"4 Rue du Petit Saint-Jean, 34000 Montpellier",43.6082479,3.8752416,12
PRINT TEE'S,"31 rue roucher, 34000 Montpellier",43.6079455,3.8749809,13
BRÛLERIE DU COURREAU,"9 Rue du Faubourg du Courreau, 34000 Montpellier",43.6082901,3.8720832,1
PHARMACIE LAFAYETTE DE L'ARC,"13 Boulevard Ledru Rollin, 34000 Montpellier",43.6088841,3.8729905,2
CIGAVERTE,"33 Rue de l'Aiguillerie, 34000 Montpellier",43.6115088,3.8787425,3
SUZANNE AUX YEUX BLEUS,"43 Rue Saint-Guilhem, 34000 Montpellier",43.6086996,3.8735024,4
BUDSKATESHOP,"9 boulevard du jeu de paume, 34000 Montpellier",43.6081189,3.8736358,5
COTÉLAC,"8 rue montgolfier, 34000 Montpellier",43.6110281,3.8750080,6
LE BALTO,"3 rue du cherche midi, 34000 Montpellier",43.6107277,3.8758299,7
LES ENFANTS ROUGES,"3 Plan Duché, 34000 Montpellier",43.6102387,3.8759387,8
COFFEE SHOP,"2 rue de l'ancien Courrier, 34000 Montpellier",43.6094239,3.8755683,9
OPTIC SHOP,"12 rue saint-guilhem, 34000 Montpellier",43.6100732,3.8759196,10
PHARMACIE DE L'ECUSSON,"6 Rue Saint-Guilhem, 34000 Montpellier",43.6103150,3.8762762,11
,"30 Rue Foch, 34000 Montpellier",43.6106952,3.8774114,12
LE COMPTOIR DU DISQUE,"Place petrarque / 12 rue de la petite loge, 34000 Montpellier",43.609485,3.877840,13
LIPOPETTE,"7 Rue du Faubourg du Courreau, 34000 Montpellier",43.6083261,3.8721869,1
COLOR DI ROMA,"18 rue de l'aiguillerie, 34000 Montpellier",43.6106233,3.8778479,2
MADAMSUZY,"2 rue des sœurs noires, 34000 Montpellier",43.6090112,3.8753964,3
ROMY CAFÉ,"7 rue Alexandre Laissac, 34000 Montpellier",43.605658,3.876795,4
"CHEZ VALOU, LES SOURIS DANSENT","41 rue de l'aiguillerie, 34000 Montpellier",43.6119743,3.8790468,5
GALERIE DE L'ANCIEN COURRIER,"3 rue Ancien Courrier, 34000 MONTPELLIER",43.6095824,3.8755827,6
,39 Rue Saint-Guilhem 34000 Montpellier,43.6088309,3.8737583,7
,30 Rue Saint-Guilhem 34000 Montpellier,43.6094687,3.8749381,8
UNE HISTOIRE DE LUNETTES,"21 rue des balances, 34000 Montpellier",43.6084791,3.8738706,9
JEAN LOUIS DAVID,"14 Boulevard du Jeu de Paume, 34000 MONTPELLIER",43.6080465,3.8734651,10
,"1 place paul bec, 34000 Montpellier",43.6079581,3.8864149,11
LE BON SENS,"15 Rue du Faubourg du Courreau, 34000 Montpellier",43.6082652,3.8717656,12
BIOCOOP,"181 Place Ernest Granier, 34000 MONTPELLIER",43.6015842,3.9016747,13
ÉPICERIE CHANVRE LEGALIZE,"12 boulevard ledru rollin, 34000 Montpellier",43.6086643,3.8728733,1
LES NÉBULEUSES,"4 Rue Sainte-Anne, 34000 Montpellier",43.6100464,3.8741504,2
WHISKY RHUM & CO,"17 rue du palais des guilhem, 34000 Montpellier",43.6113735,3.8749268,3
BOUTIQUE YVES DELORME,"3 rue de la barralerie, 34000 Montpellier",43.6111168,3.8756123,4
LA BOUTIQUE FOCH,"2 Rue du Plan du Palais, 34000 Montpellier",43.6112866,3.8736447,5
LE BAIN D'ÉPICES,"7 rue eugène lisbonne, 34000 Montpellier",43.6106751,3.8737373,6
,"9 avenue georges clemenceau, 34000 Montpellier",43.6045126,3.8739301,7
,30 All Jean Bringer 34260 Le Bousquet D'Orb,43.6968082,3.1655386,8
,9 Rue Rebuffy 34000 Montpellier ,43.6105418,3.8757458,9
,"10 rue du palais des guilhem, 34000 Montpellier",43.6113656,3.8746039,10
,"4 rue Saint Pierre, 34000 Montpellier",43.6123299,3.8748895,11
SERVICE DES MAISONS POUR TOUS,"64 route de lavérune, 34000 Montpellier",43.6010963,3.8500703,12
LES SERRES D'OC,"32 Route de Lavérune, 34000 Montpellier",43.6027885,3.8545927,13
LABOSUD MONTPELLIER LAVERUNE,"65 route de Lavérune , 34070 MONTPELLIER",43.6016455,3.8525908,1
IMMOVANCE ESTANOVE,"2 Rue de l'Escoutadou, 34070 Montpellier",43.6008330,3.8512974,2
HALLES TROPISME,"121 rue font courverte, 34000 MONTPELLIER",43.597652,3.858482,3
PHARMACIE DU MAS DE MERLE,"2 Rue du Mas de Merle, 34070 Montpellier",43.6052383,3.8596594,4
ÉCOLE OCCITANE D'AQUARELLE,"8 rue Blaise Pascal, 34070 Montpellier",43.5983224,3.8543423,5
AU BON MARCHÉ,"84 avenue Faubourg Figuerolles, 34080 Montpellier",43.607421,3.864756,6
LA BOUTIQUE D'ÉCRITURE & CO,"76 rue du faubourg Figuerolles, 34070 Montpellier",43.6063046,3.8637454,7
AUTO-ECOLE ZOLA,"59 Rue du Faubourg Figuerolles, 34000 Montpellier",43.6062885,3.8641203,8
HCM COIFFEUR,"42 Rue du Faubourg Figuerolle, 34070 Montpellier",43.606342,3.867541,9
COIFFEUR L'ARTISTE,"32 Rue du Faubourg Figuerolles, 34070 Montpellier",43.6073914,3.8666812,10
CARREFOUR CITY,"37 rue chaptal, 34000 Montpellier",43.6042630,3.8687986,11
PHARMACIE DE L'OVALIE,"2750 Boulevard Paul Valéry, 34000 Montpellier",43.5950996,3.8498078,12
LA ROYALE OVALIE,"482 Avenue du Mondial de Rugby 2007, 34070 Montpellier",43.5881296,3.8527751,13
INTERMARCHE CONTACT,"1827 ravenuede Toulouse, 34070 MONTPELLIER",43.585573,3.851607,1
BIO BY OXALIA,"150 Rambla des Calissons, 34070 Montpellier",43.5833172,3.8581007,2
EHPAD MUTUALISTE LES COULEURS DU TEMPS,"728 AVENUE DE LA REGLISSE , 34070 MONTPELLIER",43.5820722,3.8574769,3
BOULANGERIE ORTHOLAN,"Rue des sabines, 34070 Montpellier",43.5861408,3.8580368,4
LABOSUD CASTRIES,"3 Centre commercial de la Couronne, 34160 CASTRIES",43.676912,3.984255,5
,"21 Rue Robert Schuman, La Peyrière 34430",43.5669584,3.8368817,6
LE KIOSQUE HAVANE,"144 avenue de toulouse, 34070 Montpellier",43.5932352,3.8595329,7
MISSION LOCALE DE JEUNES,"909 avenue de Toulouse, 34070 Montpellier",43.5942984,3.8609445,8
CORDONNERIE 2000,"758 avenue de villeneuve d'angoulême, 34000 Montpellier",43.593652,3.864121,9
VAGUE A LAME COIFFURES,"726 Avenue Villeneuve d'Angoulême, 34070 Montpellier",43.593881,3.864724,10
ABI IMMOBILIER,"4 rue Saint Pierre, 34000 Montpellier",43.6123299,3.8748895,11
STATION DYNEFF,"757 Avenue Villeneuve d'Angoulême, 34070 Montpellier",43.593630,3.864350,12
COINCIDENCE FRANCE,"170 boulevard Pedro de la Luna, 34070 Montpellier",43.589882,3.861755,13
LA BOÎTE A LUMIÈRES,"160 Boulevard Pedro de Luna, 34070 Montpellier",43.5949059,3.8696396,1
MAIRIE ANNEXE TASTAVIN,"118 allée Maurice Bonnafos , 34070 MONTPELLIER",43.589125,3.861448,2
LA POMME D’OR,"59 avenue de Toulouse, 34000 Montpellier",43.5972719,3.8651343,3
CASINO SUPERMARCHÉ,"59 avenue de toulouse, 34070 Montpellier",43.5972719,3.8651343,4
PHARMACIE AVENUE DE TOULOUSE,"58 avenue de Toulouse, 34000 Montpellier",43.5977572,3.8644127,5
FREE DOM LR,"49 bis avenue de Toulouse, 34070 Montpellier",43.5982737,3.8652798,6
LES DÉLICES DES FRÈRES,"29 Avenue de Toulouse, 34070 Montpellier",43.5991350,3.8662174,7
UNI FOOD,"1 avenue lepic, 34070 Montpellier",43.6009030,3.8670645,8
CASTLE TATTOO ACADEMY,"24 avenue lepic, 34070 Montpellier",43.6013779,3.8640714,9
AUDILAB,"6 place du 8 mai 1945, 34070 Montpellier",43.6011234,3.8675349,10
CENTRE DENTAIRE GEORGES CLEMENCEAU,"49 bis Avenue Georges Clemenceau, 34000 Montpellier",43.6020994,3.8699539,11
BRIN DE SOI,"32 avenue georges clemenceau, 34000 Montpellier",43.6030515,3.8712588,12
ECOLE DE LA 2ÈME CHANCE,"25 avenue georges clemenceau, 34000 Montpellier",43.6035597,3.8726247,13
CLAUDE MICHEL COIFFURE,"1 Place Rondelet, 34000 Montpellier",43.6029723,3.8746473,1
ABI IMMOBILIER,"4 rue Saint Pierre, 34000 Montpellier",43.6123299,3.8748895,2
LA RANDONNÉE,"9 avenue georges clemenceau, 34000 Montpellier",43.6045126,3.8739301,3
ARG LIBRAIRIE,"4 bis avenue georges clemenceau, 34000 Montpellier",43.6048655,3.8741143,4
MUTUELLE CMIP,"4 avenue georges clemenceau, 34000 Montpellier",43.6050241,3.8741763,5
CABESTO MONTAGNE MONTPELLIER,"3 Cour Gambetta, 34000 Montpellier",43.606778,3.874315,6
LE DÔME,"2 avenue georges clemenceau, 34000 Montpellier",43.6050630,3.8743881,7
LES CRÉATURES,"3 ter rue glaize, 34000 Montpellier",43.6112094,3.8789609,8
,33 Place Georges Frêche 34070 Montpellier,43.5991078,3.8966945,9
POMME DE PAIN,"2 Place de Lisbonne, 34000 Montpellier",43.6036739,3.9182448,10
COULEURS DE BIÈRES SUD,"23 rue de chio, 34000 Montpellier",43.6001403,3.8985198,11
BG BY L'ENDROIT,"180 Rue de Galata, 34000 Montpellier",43.6002141,3.8995719,12
DS EXOTIQUES,"5 Bis Rue du Pont de Lattes, 34000 Montpellier",43.6056054,3.8823576,13
COLOMBUS CAFÉ & CO,"2 Place de Lisbonne, 34000 Montpellier",43.6036739,3.9182448,1
LAVERIE LA COUPOLE,"455 rue Léon Blum, 34000 MONTPELLIER",43.6061597,3.8896262,2
STYL’HAIR,"16 Rue de la Méditerranée, 34070 Montpellier",43.6053623,3.8833494,3
,1 Place Francis Ponge 34000 Montpellier,43.6093429,3.8842521,4
MAIF,"Le Triangle 63 allée Jules Milhau, 34000 Montpellier",43.608321,3.882142,5
LA LATINE,"57 Grand Rue Jean Moulin, 34000 MONTPELLIER",43.6068900,3.8762102,6
LIGNE DROITE,"118 Rue de Famagouste, 34000 MONTPELLIER",43.6012710,3.9001083,7
,80 Avenue Du Pont Juvénal 34000 Montpellier,43.6054584,3.8910913,8
LEZPRIT RÉQUIPE,"465 Avenue Jean Mermoz, 34090 Montpellier",43.6132123,3.8891029,9
BRASSERIE LES COCOTTES CHAMPÊTRES,"Place rené devic, 34000 Montpellier",43.6092299,3.8818953,10
ATELIER CANOPÉ,"360 rue Michel de l'Hopital, 34000 Montpellier",43.605331,3.892095,11
VIS TA VUE,"160 Rue de Famagouste, 34070 MONTPELLIER",43.6010338,3.9008506,12
LE TEMPS D'UNE PAUSE,"34 boulevard des consuls de mer, 34000 Montpellier",43.6037044,3.8935575,13
ADRA,"19 place du nombre d'or, 34000 Montpellier",43.6086951,3.8878773,1
CHEZ LOLO ET GÉGÉ,"5 rue glaize, 34000 Montpellier",43.6111566,3.8791218,2
EAT SALAD,"Place Pablo Picasso, 34070 Montpellier",43.5983324,3.9031697,3
DERMAZURE,"190 Allée Du nouveau monde, 34000 Montpellier",43.6069024,3.8880041,4
KATICA COIFFEUR,"1 allée Jules Milhau, 34000 Montpellier",43.6086727,3.8834613,5
BOULANGERIE ORTHOLAN,"Rue des sabines, 34070 Montpellier",43.5861408,3.8580368,6
PRESSING FRADE ANTIGONE,"74 avenue samuel de champlain, 34000 Montpellier",43.601445,3.896732,7
AUTO-ECOLE ZOLA,"59 Rue du Faubourg Figuerolles, 34000 Montpellier",43.6062885,3.8641203,8
LES CRÉATURES,"3 ter rue glaize, 34000 Montpellier",43.6112094,3.8789609,9
BRIOCHE DORÉE,"Allée Jules Milhau, 34000 Montpellier",43.6089197,3.8825103,10
PATINOIRE ODYSSEUM,"Place de France, 34000 MONTPELLIER",43.6036514,3.9154094,11
MAC EXPERT,"80 place george frêche, 34000 Montpellier",43.599763,3.896931,12
,48 place Du Millénaire 34000 Montpellier,43.6077928,3.8903984,13
ACCENT FRANÇAIS,"2 rue Jules Ferry, 34000 Montpellier",43.6058270,3.8816102,1
LA QUINTESSENCE,"26 rue de l'aiguillerie, 34000 Montpellier",43.6110811,3.8784564,2
ALAIN AFFLELOU,"Allée Jules Milhau, 34000 Montpellier",43.6089197,3.8825103,3
LASER GAME ODYSSEUM,"Allée d'Ulysse, 34000 MONTPELLIER",43.602315,3.921382,4
PHARMACIE PANIE,"81 rue Guillaume Janvier, 34000 Montpellier",43.5954391,3.8669590,5
ARTAGE,"53 boulevard bonne nouvelle, 34000 Montpellier",43.6132437,3.8810667,6
HALLES JACQUES CŒUR,"515 boulevard d'Antigone, 34000 MONTPELLIER",43.6091647,3.8893681,7
POURQUOI PAS,"8 Place du Millénaire, 34000 Montpellier",43.6079992,3.8888532,8
EHPA MAISONNEE LAVALETTE,"50 Rue Ali Ben Chekhal , 34090 MONTPELLIER",43.6384343,3.8693124,9
AUTO-ÉCOLE EVEIL,"675 Rue de Montasinos bât. 3, 34000 Montpellier",43.630512,3.888564,10
BAGATELLE,"467 rue de la roqueturière, 34000 Montpellier",43.6299363,3.8854066,11
MAIRIE ANNEXE AIGUELONGUE,"1071 avenue de la Justice de Castelnau, 34000 MONTPELLIER",43.6263117,3.8825111,12
INSTITUT NAZARETH,"13 Rue de Nazareth, 34000 Montpellier",43.6223045,3.8817492,13
LAVERIE FLIP MONTPELLIER,"457 avenue de la Justice de Castelnau, 34090 MONTPELLIER",43.6266870,3.8754219,1
CONCEPT'TIFF,"230 Rue du Jeu de Mail des Abbès, 34000 Montpellier",43.6200015,3.8844618,2
EHPAD ACPPA LES COURALIES,"13 rue de Nazareth, 34000 MONTPELLIER",43.6223045,3.8817492,3
UN MONDE PLUS BIO,"230 Rue du Jeu de Mail des Abbès, 34000 Montpellier",43.6200015,3.8844618,4
LE PALAIS SAINT LAZARE,"42 Avenue Saint-Lazare, 34000 Montpellier",43.6207415,3.8874875,5
RÉSIDENCE L'ORANGERIE DU CHÂTEAU LEVAT,"110 allée alma malher, 34000 Montpellier",43.631845,3.890612,6
LE JARDIN DES FRANGINS,"2 rue des loriots, 34000 Montpellier",43.6211172,3.8936849,7
CRÈCHE LES BAMBINS DU LEZ,"196 Rue des paradisiers, 34000 Montpellier",43.6183786,3.8911966,8
DÉFINITIFS COIFFURE,"77 rue du moulin de sémalen, 34000 Montpellier",43.6124019,3.8903162,9
PHARMACIE LES AUBES,"195 Bouelvard Charles Warnery, 34000 Montpellier",43.626385,3.890124,10
AUX PRODUITS DE L'AVEYRON,"34 Avenue Saint Maur, 34000 Montpellier",43.6150725,3.8842739,11
MAISON DE QUARTIER FREDERIC CHOPIN,"1 rue du Marché aux Bestiaux, 34000 MONTPELLIER",43.6162138,3.8839575,12
L'ECAILLER DES BEAUX ARTS,"43 Rue de la Cavalerie, 34000 Montpellier",43.6175552,3.8815762,13
L' EPICERIE DES BEAUX ARTS,"26 Rue de la Cavalerie, 34000 Montpellier",43.6169612,3.8813117,1
LE GARAGE,"25 Rue de la Cavalerie, 34000 Montpellier",43.6167959,3.8808111,2
NOON,"4 b rue Bernard Delicieux, 34000 Montpellier",43.6160945,3.8813507,3
ÉPICERIE BIO FOLLE AVOINE,"18 Rue Proudhon, 34000 Montpellier",43.6162115,3.8805926,4
LA COUSERIE,"16 rue Proudhon, 34090 Montpellier",43.6161228,3.8806841,5
NUANCES DE SOI,"1 Rue Jules Grevy, 34080 Montpellier",43.6162685,3.8813516,6
ÉPICERIE BIO FOLLE AVOINE,"18 Rue Proudhon, 34000 Montpellier",43.6162115,3.8805926,7
LA COUSERIE,"16 rue Proudhon, 34090 Montpellier",43.6161228,3.8806841,8
NUANCES DE SOI,"1 Rue Jules Grevy, 34080 Montpellier",43.6162685,3.8813516,9
PLANET SI,"14 Rue Bernard Délicieux, 34090 Montpellier",43.6158334,3.8816860,10
L'INSTANT POUR SOI,"5 Rue de Substantion, 34000 Montpellier",43.6158417,3.8821602,11
L&E COIFFURE,"3 rue Proudhon, 34000 Montpellier",43.6151759,3.8811246,12
PRESSING MERLIN,"17 Boulevard Louis Blanc, 34000 Montpellier",43.6147662,3.8794121,13
DONUTS CORP.,"9 Rue du Faubourg de Nîmes, 34000 Montpellier",43.6141093,3.8810782,1
KIOSQUE DU CORUM MONTPELLIER,"17 Rue du Faubourg de Nîmes, 34000 Montpellier",43.6145494,3.8821157,2
AUTO-ÉCOLE LOUIS BLANC,"3 Boulevard Louis Blanc, 34000 Montpellier",43.6148801,3.8776860,3
TOT OU TARD,"7 place de la chapelle neuve, 34000 Montpellier",43.6134206,3.8789487,4
LE GRILLARDIN,"3 places de la chapelle Neuve, 34000 Montpellier",43.611182,3.879792,5
PHARMACIE DU CORUM,"9 Rue du Pila St Gély, 34000 Montpellier",43.6133042,3.8796606,6
CHE LYS,"69 rue de l'aiguillerie, 34000 Montpellier",43.6130337,3.8793396,7
LE SHERI'S,"59 rue de l'aiguillerie, 34000 Montpellier",43.6127714,3.8791323,8
LAMI COFFEE,"42 Rue de l'Université, 34070 Montpellier",43.6136574,3.8771653,9
COPIE EXPRESS,"38 rue de l'université, 34000 Montpellier",43.6134567,3.8771046,10
CAFÉ JULES,"36 rue de l'université, 34000 Montpellier",43.6133581,3.8770752,11
LE P'TI TAUREAU,"7 rue de l'université, 34000 Montpellier",43.6121139,3.8764309,12
HAIFA BEAUTY,"8, rue Bonnier d'Alco, 34000 Montpellier",43.6118200,3.8766217,13
LES VIGNES MONTPELLIER,"2 rue bonnier d'alco, 34000 Montpellier",43.6117729,3.8770498,1
CASINO,"4 place du marché aux fleurs, 34000 Montpellier",43.6116317,3.8776474,2
LA MAISON DES CHATS,"4 Rue de la Carbonnerie, 34000 Montpellier",43.6116422,3.8783151,3
LA CLIQUE BOUTIQUE,"8 rue de la carbonnerie, 34000 Montpellier",43.6115534,3.8785000,4
AGENCE REDARES AGHILONE PLANQUART,"77 Allée Kleber, 34000 Montpellier",43.6035770,3.8870489,5
ELLE TOUT SIMPLEMENT,"9 Rue de l'ancien courrier, 34000 Montpellier",43.6091106,3.8764872,6
EN TRAITS LIBRES,"1 rue Voltaire, 34000 Montpellier",43.6087141,3.8764846,7
ESPRIT BASORA,"10 rue du palais des guilhem, 34000 Montpellier",43.6113656,3.8746039,8
ESSENCES D'OSHUN,"15 rue saint guilhem, 34000 Montpellier",43.6096251,3.8754822,9
FRANCE GESTION,"107 avenue Samuel de Champlain, 34000 Montpellier",43.601058,3.896425,10
FRANCK COIFFEUR BARBIER BY FABIEN,"22 Rue Saint Firmin, 34000 Montpellier",43.6102458,3.8757189,11
GARAGE BRU - CONCESSIONAIRE CITROËN,"1229 Avenue de Saint-Maur, 34000 Montpellier",43.6204156,3.8943602,12
GAZETTE CAFÉ,"6 rue Levat, 34000 Montpellier",43.6046178,3.8784212,13
GRAND TREE,"32 rue Jean-Jacques Rousseau, 34000 Montpellier",43.6125281,3.8727743,1
GREEN LIFE,"7 Boulevard du Jeu de Paume, 34000 Montpellier",43.6082119,3.8735356,2
HAIRFIRST,"13 rue des sœurs noires, 34000 Montpellier",43.6089337,3.8751309,3
HOTEL DE POLICE,"206 rue du Comté de Melgueil, 34000 MONTPELLIER",43.6032941,3.8914244,4
HUGO FRESH CUT,"21 rue de l'université, 34000 Montpellier",43.6125939,3.8767209,5
HUMAN SANTÉ,"7 rue raoux, 34000 Montpellier",43.6023731,3.8681392,6
ICA AUTO-ÉCOLE,"90 Rue Rouget de Lisle, 34000 Montpellier",43.5941592,3.8427325,7
INSTITUT DE BEAUTÉ N'BIOTY,"74 rue don bosco, 34000 Montpellier",43.6066564,3.8907868,8
ISABELLA,"8 place du nombre d'or, 34000 Montpellier",43.6078108,3.8873229,9
JEAN FLEURISTE,"7 place martyrs de la résistance, 34000 Montpellier",43.6107350,3.8761138,10
JUMA,"20 rue de l'université, 34000 Montpellier",43.6126739,3.8768282,11
KHABBAZ RESTAURANT,"13 rue adam de craponne, 34000 Montpellier",43.6065732,3.8683744,12
KUMO INSTITUT,"1730 avenue de monsieur teste, 34000 Montpellier",43.5996018,3.8404800,13
K-WAY,"29 rue de l'argenterie, 34000 Montpellier",43.6084601,3.8775599,1
LA CAVE EN GOGUETTE,"16 Rue du Faubourg du Courreau, 34000 Montpellier",43.6083356,3.8717198,2
PHARMACIE DU PONT TRINQUAT,"8 Avenue du Pont Trinquat, 34000 Montpellier",43.6010934,3.8844735,3
PHARMACIE DU SAINT FRANÇOIS,"7 Place Carnot, 34000 Montpellier",43.6032720,3.8828250,4
PHARMACIE EDEN PARC,"230 rue du jeu de mail des abbés, 34000 MONTPELLIER",43.6200015,3.8844618,5
PHARMACIE OPTIQUE DU MAS DEVRON,"164 Boulevard Pedro de Luna, 34000 Montpellier",43.5948841,3.8697237,6
PHARMACIE PANIE,"81 rue Guillaume Janvier, 34000 Montpellier",43.5954391,3.8669590,7
PHARMACIE PEDRO DE LUNA,"392 Boulevard Pedro de Luna, 34000 Montpellier",43.5935836,3.8733810,8
PHARMACIE RIMBAUD POMPIGNANE,"1376 avenue de la Pompignane, 34000 MONTPELLIER",43.6177937,3.8974870,9
PHARMACIE ST JAUMES,"33 rue du faubourg st jaumes, 34000 Montpellier",43.6148188,3.8698687,10
,36 Rue du Faubourg Du Courreau 34000 Montpellier,43.6083840,3.8708161,11
PIZZERIA LA TERRASSE,"4 rue du four Saint-éloi, 34000 Montpellier",43.6132165,3.8756650,12
PIZZERIA SICILIA,"20 Rue du Pila Saint Gély, 34000 Montpellier",43.6136339,3.8802046,13
PLANET KEBAB,"208 rue vendémiaire, 34000 Montpellier",43.6035321,3.8986206,1
PLANETES INTERDITES,"5 rue de l'aiguillerie , 34000 Montpellier",43.6104413,3.8775492,2
POKHAWAI,"1 rue levat, 34000 Montpellier",43.6046073,3.8787691,3
POLYCLINIQUE ST ROCH,"560 avenue du Colonel André Pavelet, 34000 MONTPELLIER",43.582845,3.882198,4
,37 Rue de l'Aiguillerie 34000 Montpellier ,43.6116665,3.8788994,5
PRIMASSURANCES,"54 Rue du Faubourg du Courreau, 34000 Montpellier",43.6085551,3.8694679,6
PRIM'AUBES,"264 Avenue de Saint-Maur, 34000 Montpellier",43.6150376,3.8863195,7
PROGEST GESTION LOCATIVE,"96 avenue du pont juvénal, 34000 Montpellier",43.6054865,3.8929304,8
HAIRFIRST,"13 rue des sœurs noires, 34000 Montpellier",43.6089337,3.8751309,9
LE QUARTIER GÉNÉREUX,"2 quai des tanneurs , 34090 Montpellier",43.6159316,3.8748747,10
L'ENTR'DEUX,"1444 Route de Mende, 34090 Montpellier",43.6353331,3.8687709,11
LES ABATTOIRS,"13 rue Proudhon, 34090 Montpellier",43.6158119,3.8808210,12
M 2 M CREATION,"400 Avenue du Château d'O, 34090 MONTPELLIER",43.6270954,3.8404929,13
MONCEAU ASSURANCES,"5 Quai des Tanneurs, 34090 Montpellier",43.6160963,3.8752810,1
NORISKO PAILLADE,"169 Rue de l'Agathois, 34090 MONTPELLIER",43.6330209,3.8246939,2
OLIVES COIFFURE,"43 Rue des 4 Vents, 34090 MONTPELLIER",43.6632953,3.9327430,3
ORIGINE COIFFURE,"1935 Route de Ganges, 34090 MONTPELLIER",43.6293603,3.8567962,4
PHARMACIE DU PÈRE SOULAS,"1637 Avenue du Père Soulas, 34090 Montpellier",43.6249344,3.8511258,5
SECONDEO,"1440 avenue du père soulas, 34090 Montpellier",43.6240137,3.8533104,6
TABAC PRESSE SNC RIBES,"675 rue de montasinos, 34090 Montpellier",43.6280431,3.8805486,7
THE CITY GARDEN,"21 avenue professeur grasset, 34090 Montpellier",43.6236332,3.8674402,8
THEATRE LA VIGNETTE UM3,"Avenue du Val de Montferrand, 34090 MONTPELLIER",43.6322474,3.8718284,9
CAVES RABELAIS,"Route départementale 112, 34110 MIREVAL",43.504281,3.801542,10
SPAR,"19 cours Gambetta, 34000 Montpellier",43.6058469,3.8725416,11
STATION SUCRÉE,"33 Rue de l'Université, 34000 Montpellier",43.6136783,3.8770470,12
SUPPLAY,"101 allée de délos, 34000 Montpellier",43.6078711,3.8936995,13
TABAC LA ROYALE,"25 rue Saint-Louis, 34000 MONTPELLIER",43.6119374,3.8664380,1
TABAC PMU LA CIVETTE,"8 rue boussairolles, 34000 Montpellier",43.6081254,3.8808720,2
TABAC PRESS LE MARIGNY,"17 rue du faubourg de la saunerie, 34000 Montpellier",43.6058081,3.8754520,3
TABAC PRESSE LE BRAZZA,"8 avenue georges clemenceau, 34000 Montpellier",43.6047345,3.8739740,4
TABAC PRESSE LE CHIQUITO,"1 Place Roger Salengro, 34000 Montpellier",43.6075795,3.8672569,5
TABAC-PRESSE LA SEITANE,"36 rue du Courreau, 34000 Montpellier",43.5625567,3.9530888,6
TÊTE EN L'AIR CAFÉ,"1 place paul bec, 34000 Montpellier",43.6079581,3.8864149,7
THE BEAUTY SUITE,"796 avenue de villeneuve d'angoulême, 34000 Montpellier",43.593415,3.863720,8
THE GOOD PLACE,"7 rue durand, 34000 Montpellier",43.6053996,3.8777763,9
THE REGAL,"52 rue de l'aiguillerie, 34000 Montpellier",43.6123738,3.8791828,10
THÉÂTRE DES 13 VENTS,"Avenue Albert Einstein, 34000 Montpellier",43.6057471,3.8993555,11
,,,,Calcul impossible
,,,,Calcul impossible
,,,,Calcul impossible
,,,,Calcul impossible
,,,,Calcul impossible
,,,,Calcul impossible
,,,,Calcul impossible
,,,,Calcul impossible
,,,,Calcul impossible
,,,,Calcul impossible
,,,,Calcul impossible
,,,,Calcul impossible
,,,,Calcul impossible
,,,,Calcul impossible
,,,,Calcul impossible
,,,,Calcul impossible
,,,,Calcul impossible
,,,,Calcul impossible
,,,,Calcul impossible
,,,,Calcul impossible
,,,,Calcul impossible
,,,,Calcul impossible
,,,,Calcul impossible
,,,,Calcul impossible
,,,,Calcul impossible
,,,,Calcul impossible
,,,,Calcul impossible
,,,,Calcul impossible
,,,,Calcul impossible
,,,,Calcul impossible
,,,,Calcul impossible
,,,,Calcul impossible
,,,,Calcul impossible
,,,,Calcul impossible
,,,,Calcul impossible
,,,,Calcul impossible
,,,,Calcul impossible
,,,,Calcul impossible
,,,,Calcul impossible
,,,,Calcul impossible
,,,,Calcul impossible
,,,,Calcul impossible
,,,,Calcul impossible
,,,,Calcul impossible
,,,,Calcul impossible
,,,,Calcul impossible
,,,,Calcul impossible
,,,,Calcul impossible
,,,,Calcul impossible
,,,,Calcul impossible
,,,,Calcul impossible
,,,,Calcul impossible
,,,,Calcul impossible
,,,,Calcul impossible
,,,,Calcul impossible
,,,,Calcul impossible
,,,,Calcul impossible
,,,,Calcul impossible
,,,,Calcul impossible
,,,,Calcul impossible
,,,,Calcul impossible
,,,,Calcul impossible
,,,,Calcul impossible
,,,,Calcul impossible
,,,,Calcul impossible
,,,,Calcul impossible
,,,,Calcul impossible
,,,,Calcul impossible
,,,,Calcul impossible
,,,,Calcul impossible
,,,,Calcul impossible
,,,,Calcul impossible
,,,,Calcul impossible
,,,,Calcul impossible
,,,,Calcul impossible
,,,,Calcul impossible
,,,,Calcul impossible
,,,,Calcul impossible
,,,,Calcul impossible
,,,,Calcul impossible
,,,,Calcul impossible
,,,,Calcul impossible
,,,,Calcul impossible
,,,,Calcul impossible
,,,,Calcul impossible
,,,,Calcul impossible
,,,,Calcul impossible
,,,,Calcul impossible
,,,,Calcul impossible
,,,,Calcul impossible
,,,,Calcul impossible
,,,,Calcul impossible
,,,,Calcul impossible
,,,,Calcul impossible
,,,,Calcul impossible
,,,,Calcul impossible
,,,,Calcul impossible
,,,,Calcul impossible
,,,,Calcul impossible
,,,,Calcul impossible
,,,,Calcul impossible
,,,,Calcul impossible
,,,,Calcul impossible
,,,,Calcul impossible
,,,,Calcul impossible
,,,,Calcul impossible
,,,,Calcul impossible
,,,,Calcul impossible
,,,,Calcul impossible
,,,,Calcul impossible
,,,,Calcul impossible
,,,,Calcul impossible
,,,,Calcul impossible
,,,,Calcul impossible
,,,,Calcul impossible
,,,,Calcul impossible
,,,,Calcul impossible
,,,,Calcul impossible
,,,,Calcul impossible
,,,,Calcul impossible
,,,,Calcul impossible
,,,,Calcul impossible
,,,,Calcul impossible
,,,,Calcul impossible
,,,,Calcul impossible
,,,,Calcul impossible
,,,,Calcul impossible
,,,,Calcul impossible
,,,,Calcul impossible
,,,,Calcul impossible
,,,,Calcul impossible
,,,,Calcul impossible
,,,,Calcul impossible
,,,,Calcul impossible
,,,,Calcul impossible
,,,,Calcul impossible
,,,,Calcul impossible
,,,,Calcul impossible
,,,,Calcul impossible
,,,,Calcul impossible
,,,,Calcul impossible
,,,,Calcul impossible
,,,,Calcul impossible
,,,,Calcul impossible
,,,,Calcul impossible
,,,,Calcul impossible
,,,,Calcul impossible
,,,,Calcul impossible
,,,,Calcul impossible
,,,,Calcul impossible
,,,,Calcul impossible
,,,,Calcul impossible
,,,,Calcul impossible
,,,,Calcul impossible
,,,,Calcul impossible
,,,,Calcul impossible
,,,,Calcul impossible
,,,,Calcul impossible